name,type,services,city,address,region,yearsInBusiness,phone,email,website,rating,reviewCount
"Niagara Region Painters","contractor","interior painting,exterior painting,residential painting,commercial painting,cabinet refinishing,deck staining","St. Catharines,Niagara Falls,Welland,Port Colborne,Fort Erie,Thorold,Grimsby,Lincoln,West Lincoln,Wainfleet,Pelham,Niagara-on-the-Lake,Hamilton,Burlington","15 Corporate Park Drive","Niagara","15","905-555-1000","info@niagararegionpainters.com","https://niagararegionpainters.com","5.0","150"
"Sherwin-Williams St. Catharines","retailer","paint sales,color consultation,commercial coatings","St. Catharines","400 Scott Street","Niagara","25","905-555-0100","stcatharines@sherwinwilliams.com","https://www.sherwin-williams.com","4.5","75"
"Benjamin Moore Welland","retailer","paint sales,color matching,industrial coatings","Welland","650 King Street","Niagara","20","905-555-0200","welland@benjaminmoore.com","https://www.benjaminmoore.com","4.4","60"
"Dulux Paints Niagara Falls","retailer","paint sales,decorative finishes,protective coatings","Niagara Falls","7555 Montrose Road","Niagara","15","905-555-0300","niagarafalls@dulux.com","https://www.dulux.ca","4.3","45"
"Pro Painters Plus","contractor","interior painting,exterior painting,cabinet refinishing","St. Catharines,Thorold,Niagara-on-the-Lake","25 Corporate Park Drive","Niagara","12","905-555-0400","info@propaintersplus.com","https://www.propaintersplus.com","4.7","85"
"Niagara Elite Painting","contractor","residential painting,commercial painting,deck staining","Niagara Falls,Fort Erie,Port Colborne","4635 Queen Street","Niagara","8","905-555-0500","info@niagaraelitepainting.com","https://www.niagaraelitepainting.com","4.6","65"
"Eco-Paint Solutions","contractor","eco-friendly painting,low-VOC applications,green solutions","Welland,Pelham,Wainfleet","89 Division Street","Niagara","5","905-555-0600","info@ecopaintsolutions.com","https://www.ecopaintsolutions.com","4.8","40"
"Custom Coating Specialists","supplier","specialty coatings,industrial finishes,marine paints","St. Catharines,Hamilton,Burlington","120 Bunting Road","Niagara","18","905-555-0700","info@customcoatingspecialists.com","https://www.customcoatingspecialists.com","4.6","55"
"AutoColor Masters","supplier","automotive paint,custom finishes,powder coating","Niagara Falls,Welland,St. Catharines","5685 Ferry Street","Niagara","15","905-555-0800","info@autocolormasters.com","https://www.autocolormasters.com","4.5","70"
"Heritage Restoration Paints","supplier","historical finishes,lime wash,milk paint","Thorold,St. Catharines,Niagara-on-the-Lake","45 Front Street","Niagara","10","905-555-0900","info@heritagerestorationpaints.com","https://www.heritagerestorationpaints.com","4.7","35"
