{
  "id": "dulux-paints-niagara-falls",
  "name": "Dulux Paints Niagara Falls",
  "slug": "dulux-paints-niagara-falls",
  "type": "retailer",
  "services": [
    "paint sales",
    "decorative finishes",
    "protective coatings"
  ],
  "locations": [
    {
      "city": "Niagara Falls",
      "address": "7555 Montrose Road",
      "region": "Niagara"
    }
  ],
  "phone": "905-555-0300",
  "email": "niagarafalls@dulux.com",
  "website": "https://www.dulux.ca",
  "rating": "4.3",
  "reviewCount": "45",
  "yearsInBusiness": "15",
  "expertise": {
    "description": "Dulux Paints Niagara Falls has been providing professional painting services in the Niagara region for 15 years.",
    "specialties": [
      "paint sales",
      "decorative finishes",
      "protective coatings"
    ],
    "certifications": [],
    "specialProjects": [],
    "awards": []
  },
  "serviceDetails": {
    "timeEstimates": "2-3 days for average-sized rooms",
    "process": [
      "Initial consultation and color selection",
      "Surface preparation and cleaning",
      "Priming if necessary",
      "Application of paint coats",
      "Final inspection and touch-ups"
    ],
    "preparation": [
      "Move or cover furniture",
      "Clean surfaces thoroughly",
      "Repair any wall damage",
      "Tape off areas not to be painted"
    ],
    "maintenance": [
      "Regular cleaning with mild soap and water",
      "Touch up any chips or scratches promptly",
      "Repaint every 3-5 years for best results"
    ],
    "aftercare": [
      "Allow paint to cure fully",
      "Clean walls gently",
      "Monitor for any issues"
    ],
    "warranty": "5-year warranty on workmanship"
  },
  "tips": {
    "maintenance": [
      "Clean walls regularly with a soft cloth",
      "Address any water damage immediately",
      "Keep rooms well-ventilated"
    ],
    "colorSelection": [
      "Consider room lighting",
      "Test samples on walls",
      "Think about room function"
    ],
    "general": [
      "Schedule painting in dry weather",
      "Ensure proper ventilation",
      "Allow adequate drying time"
    ],
    "applicationTips": [
      "Use quality brushes and rollers",
      "Apply thin, even coats",
      "Follow manufacturer guidelines"
    ]
  }
}