{
  "name": "color matching",
  "slug": "color-matching",
  "companies": [
    {
      "id": "benjamin-moore-welland",
      "name": "Benjamin Moore Welland",
      "slug": "benjamin-moore-welland",
      "type": "retailer",
      "services": [
        "paint sales",
        "color matching",
        "industrial coatings"
      ],
      "locations": [
        {
          "city": "Welland",
          "address": "650 King Street",
          "region": "Niagara"
        }
      ],
      "phone": "905-555-0200",
      "email": "welland@benjaminmoore.com",
      "website": "https://www.benjaminmoore.com",
      "rating": "4.4",
      "reviewCount": "60",
      "yearsInBusiness": "20",
      "expertise": {
        "description": "Benjamin Moore Welland has been providing professional painting services in the Niagara region for 20 years.",
        "specialties": [
          "paint sales",
          "color matching",
          "industrial coatings"
        ],
        "certifications": [],
        "specialProjects": [],
        "awards": []
      },
      "serviceDetails": {
        "timeEstimates": "2-3 days for average-sized rooms",
        "process": [
          "Initial consultation and color selection",
          "Surface preparation and cleaning",
          "Priming if necessary",
          "Application of paint coats",
          "Final inspection and touch-ups"
        ],
        "preparation": [
          "Move or cover furniture",
          "Clean surfaces thoroughly",
          "Repair any wall damage",
          "Tape off areas not to be painted"
        ],
        "maintenance": [
          "Regular cleaning with mild soap and water",
          "Touch up any chips or scratches promptly",
          "Repaint every 3-5 years for best results"
        ],
        "aftercare": [
          "Allow paint to cure fully",
          "Clean walls gently",
          "Monitor for any issues"
        ],
        "warranty": "5-year warranty on workmanship"
      },
      "tips": {
        "maintenance": [
          "Clean walls regularly with a soft cloth",
          "Address any water damage immediately",
          "Keep rooms well-ventilated"
        ],
        "colorSelection": [
          "Consider room lighting",
          "Test samples on walls",
          "Think about room function"
        ],
        "general": [
          "Schedule painting in dry weather",
          "Ensure proper ventilation",
          "Allow adequate drying time"
        ],
        "applicationTips": [
          "Use quality brushes and rollers",
          "Apply thin, even coats",
          "Follow manufacturer guidelines"
        ]
      }
    }
  ],
  "totalCompanies": 1,
  "regions": [
    "Niagara"
  ],
  "averagePricing": {
    "min": 500,
    "max": 2500,
    "unit": "per project"
  }
}