{
  "name": "exterior painting",
  "slug": "exterior-painting",
  "companies": [
    {
      "id": "niagara-region-painters",
      "name": "Niagara Region Painters",
      "slug": "niagara-region-painters",
      "type": "contractor",
      "services": [
        "interior painting",
        "exterior painting",
        "residential painting",
        "commercial painting",
        "cabinet refinishing",
        "deck staining"
      ],
      "locations": [
        {
          "city": "St. Catharines",
          "address": "15 Corporate Park Drive",
          "region": "Niagara"
        },
        {
          "city": "Niagara Falls",
          "address": "15 Corporate Park Drive",
          "region": "Niagara"
        },
        {
          "city": "Welland",
          "address": "15 Corporate Park Drive",
          "region": "Niagara"
        },
        {
          "city": "Port Colborne",
          "address": "15 Corporate Park Drive",
          "region": "Niagara"
        },
        {
          "city": "Fort Erie",
          "address": "15 Corporate Park Drive",
          "region": "Niagara"
        },
        {
          "city": "Thorold",
          "address": "15 Corporate Park Drive",
          "region": "Niagara"
        },
        {
          "city": "Grimsby",
          "address": "15 Corporate Park Drive",
          "region": "Niagara"
        },
        {
          "city": "Lincoln",
          "address": "15 Corporate Park Drive",
          "region": "Niagara"
        },
        {
          "city": "West Lincoln",
          "address": "15 Corporate Park Drive",
          "region": "Niagara"
        },
        {
          "city": "Wainfleet",
          "address": "15 Corporate Park Drive",
          "region": "Niagara"
        },
        {
          "city": "Pelham",
          "address": "15 Corporate Park Drive",
          "region": "Niagara"
        },
        {
          "city": "Niagara-on-the-Lake",
          "address": "15 Corporate Park Drive",
          "region": "Niagara"
        },
        {
          "city": "Hamilton",
          "address": "15 Corporate Park Drive",
          "region": "Niagara"
        },
        {
          "city": "Burlington",
          "address": "15 Corporate Park Drive",
          "region": "Niagara"
        }
      ],
      "phone": "905-555-1000",
      "email": "info@niagararegionpainters.com",
      "website": "https://niagararegionpainters.com",
      "rating": "5.0",
      "reviewCount": "150",
      "yearsInBusiness": "15",
      "expertise": {
        "description": "Niagara Region Painters has been providing professional painting services in the Niagara region for 15 years.",
        "specialties": [
          "interior painting",
          "exterior painting",
          "residential painting",
          "commercial painting",
          "cabinet refinishing",
          "deck staining"
        ],
        "certifications": [],
        "specialProjects": [],
        "awards": []
      },
      "serviceDetails": {
        "timeEstimates": "2-3 days for average-sized rooms",
        "process": [
          "Initial consultation and color selection",
          "Surface preparation and cleaning",
          "Priming if necessary",
          "Application of paint coats",
          "Final inspection and touch-ups"
        ],
        "preparation": [
          "Move or cover furniture",
          "Clean surfaces thoroughly",
          "Repair any wall damage",
          "Tape off areas not to be painted"
        ],
        "maintenance": [
          "Regular cleaning with mild soap and water",
          "Touch up any chips or scratches promptly",
          "Repaint every 3-5 years for best results"
        ],
        "aftercare": [
          "Allow paint to cure fully",
          "Clean walls gently",
          "Monitor for any issues"
        ],
        "warranty": "5-year warranty on workmanship"
      },
      "tips": {
        "maintenance": [
          "Clean walls regularly with a soft cloth",
          "Address any water damage immediately",
          "Keep rooms well-ventilated"
        ],
        "colorSelection": [
          "Consider room lighting",
          "Test samples on walls",
          "Think about room function"
        ],
        "general": [
          "Schedule painting in dry weather",
          "Ensure proper ventilation",
          "Allow adequate drying time"
        ],
        "applicationTips": [
          "Use quality brushes and rollers",
          "Apply thin, even coats",
          "Follow manufacturer guidelines"
        ]
      }
    },
    {
      "id": "pro-painters-plus",
      "name": "Pro Painters Plus",
      "slug": "pro-painters-plus",
      "type": "contractor",
      "services": [
        "interior painting",
        "exterior painting",
        "cabinet refinishing"
      ],
      "locations": [
        {
          "city": "St. Catharines",
          "address": "25 Corporate Park Drive",
          "region": "Niagara"
        },
        {
          "city": "Thorold",
          "address": "25 Corporate Park Drive",
          "region": "Niagara"
        },
        {
          "city": "Niagara-on-the-Lake",
          "address": "25 Corporate Park Drive",
          "region": "Niagara"
        }
      ],
      "phone": "905-555-0400",
      "email": "info@propaintersplus.com",
      "website": "https://www.propaintersplus.com",
      "rating": "4.7",
      "reviewCount": "85",
      "yearsInBusiness": "12",
      "expertise": {
        "description": "Pro Painters Plus has been providing professional painting services in the Niagara region for 12 years.",
        "specialties": [
          "interior painting",
          "exterior painting",
          "cabinet refinishing"
        ],
        "certifications": [],
        "specialProjects": [],
        "awards": []
      },
      "serviceDetails": {
        "timeEstimates": "2-3 days for average-sized rooms",
        "process": [
          "Initial consultation and color selection",
          "Surface preparation and cleaning",
          "Priming if necessary",
          "Application of paint coats",
          "Final inspection and touch-ups"
        ],
        "preparation": [
          "Move or cover furniture",
          "Clean surfaces thoroughly",
          "Repair any wall damage",
          "Tape off areas not to be painted"
        ],
        "maintenance": [
          "Regular cleaning with mild soap and water",
          "Touch up any chips or scratches promptly",
          "Repaint every 3-5 years for best results"
        ],
        "aftercare": [
          "Allow paint to cure fully",
          "Clean walls gently",
          "Monitor for any issues"
        ],
        "warranty": "5-year warranty on workmanship"
      },
      "tips": {
        "maintenance": [
          "Clean walls regularly with a soft cloth",
          "Address any water damage immediately",
          "Keep rooms well-ventilated"
        ],
        "colorSelection": [
          "Consider room lighting",
          "Test samples on walls",
          "Think about room function"
        ],
        "general": [
          "Schedule painting in dry weather",
          "Ensure proper ventilation",
          "Allow adequate drying time"
        ],
        "applicationTips": [
          "Use quality brushes and rollers",
          "Apply thin, even coats",
          "Follow manufacturer guidelines"
        ]
      }
    }
  ],
  "totalCompanies": 2,
  "regions": [
    "Niagara"
  ],
  "averagePricing": {
    "min": 500,
    "max": 2500,
    "unit": "per project"
  }
}