{
  "name": "industrial finishes",
  "slug": "industrial-finishes",
  "companies": [
    {
      "id": "custom-coating-specialists",
      "name": "Custom Coating Specialists",
      "slug": "custom-coating-specialists",
      "type": "supplier",
      "services": [
        "specialty coatings",
        "industrial finishes",
        "marine paints"
      ],
      "locations": [
        {
          "city": "St. Catharines",
          "address": "120 Bunting Road",
          "region": "Niagara"
        },
        {
          "city": "Hamilton",
          "address": "120 Bunting Road",
          "region": "Niagara"
        },
        {
          "city": "Burlington",
          "address": "120 Bunting Road",
          "region": "Niagara"
        }
      ],
      "phone": "905-555-0700",
      "email": "info@customcoatingspecialists.com",
      "website": "https://www.customcoatingspecialists.com",
      "rating": "4.6",
      "reviewCount": "55",
      "yearsInBusiness": "18",
      "expertise": {
        "description": "Custom Coating Specialists has been providing professional painting services in the Niagara region for 18 years.",
        "specialties": [
          "specialty coatings",
          "industrial finishes",
          "marine paints"
        ],
        "certifications": [],
        "specialProjects": [],
        "awards": []
      },
      "serviceDetails": {
        "timeEstimates": "2-3 days for average-sized rooms",
        "process": [
          "Initial consultation and color selection",
          "Surface preparation and cleaning",
          "Priming if necessary",
          "Application of paint coats",
          "Final inspection and touch-ups"
        ],
        "preparation": [
          "Move or cover furniture",
          "Clean surfaces thoroughly",
          "Repair any wall damage",
          "Tape off areas not to be painted"
        ],
        "maintenance": [
          "Regular cleaning with mild soap and water",
          "Touch up any chips or scratches promptly",
          "Repaint every 3-5 years for best results"
        ],
        "aftercare": [
          "Allow paint to cure fully",
          "Clean walls gently",
          "Monitor for any issues"
        ],
        "warranty": "5-year warranty on workmanship"
      },
      "tips": {
        "maintenance": [
          "Clean walls regularly with a soft cloth",
          "Address any water damage immediately",
          "Keep rooms well-ventilated"
        ],
        "colorSelection": [
          "Consider room lighting",
          "Test samples on walls",
          "Think about room function"
        ],
        "general": [
          "Schedule painting in dry weather",
          "Ensure proper ventilation",
          "Allow adequate drying time"
        ],
        "applicationTips": [
          "Use quality brushes and rollers",
          "Apply thin, even coats",
          "Follow manufacturer guidelines"
        ]
      }
    }
  ],
  "totalCompanies": 1,
  "regions": [
    "Niagara"
  ],
  "averagePricing": {
    "min": 500,
    "max": 2500,
    "unit": "per project"
  }
}