{
  "name": "low-VOC applications",
  "slug": "low-voc-applications",
  "companies": [
    {
      "id": "eco-paint-solutions",
      "name": "Eco-Paint Solutions",
      "slug": "eco-paint-solutions",
      "type": "contractor",
      "services": [
        "eco-friendly painting",
        "low-VOC applications",
        "green solutions"
      ],
      "locations": [
        {
          "city": "Welland",
          "address": "89 Division Street",
          "region": "Niagara"
        },
        {
          "city": "Pelham",
          "address": "89 Division Street",
          "region": "Niagara"
        },
        {
          "city": "Wainfleet",
          "address": "89 Division Street",
          "region": "Niagara"
        }
      ],
      "phone": "905-555-0600",
      "email": "info@ecopaintsolutions.com",
      "website": "https://www.ecopaintsolutions.com",
      "rating": "4.8",
      "reviewCount": "40",
      "yearsInBusiness": "5",
      "expertise": {
        "description": "Eco-Paint Solutions has been providing professional painting services in the Niagara region for 5 years.",
        "specialties": [
          "eco-friendly painting",
          "low-VOC applications",
          "green solutions"
        ],
        "certifications": [],
        "specialProjects": [],
        "awards": []
      },
      "serviceDetails": {
        "timeEstimates": "2-3 days for average-sized rooms",
        "process": [
          "Initial consultation and color selection",
          "Surface preparation and cleaning",
          "Priming if necessary",
          "Application of paint coats",
          "Final inspection and touch-ups"
        ],
        "preparation": [
          "Move or cover furniture",
          "Clean surfaces thoroughly",
          "Repair any wall damage",
          "Tape off areas not to be painted"
        ],
        "maintenance": [
          "Regular cleaning with mild soap and water",
          "Touch up any chips or scratches promptly",
          "Repaint every 3-5 years for best results"
        ],
        "aftercare": [
          "Allow paint to cure fully",
          "Clean walls gently",
          "Monitor for any issues"
        ],
        "warranty": "5-year warranty on workmanship"
      },
      "tips": {
        "maintenance": [
          "Clean walls regularly with a soft cloth",
          "Address any water damage immediately",
          "Keep rooms well-ventilated"
        ],
        "colorSelection": [
          "Consider room lighting",
          "Test samples on walls",
          "Think about room function"
        ],
        "general": [
          "Schedule painting in dry weather",
          "Ensure proper ventilation",
          "Allow adequate drying time"
        ],
        "applicationTips": [
          "Use quality brushes and rollers",
          "Apply thin, even coats",
          "Follow manufacturer guidelines"
        ]
      }
    }
  ],
  "totalCompanies": 1,
  "regions": [
    "Niagara"
  ],
  "averagePricing": {
    "min": 500,
    "max": 2500,
    "unit": "per project"
  }
}