{
  "name": "powder coating",
  "slug": "powder-coating",
  "companies": [
    {
      "id": "autocolor-masters",
      "name": "AutoColor Masters",
      "slug": "autocolor-masters",
      "type": "supplier",
      "services": [
        "automotive paint",
        "custom finishes",
        "powder coating"
      ],
      "locations": [
        {
          "city": "Niagara Falls",
          "address": "5685 Ferry Street",
          "region": "Niagara"
        },
        {
          "city": "Welland",
          "address": "5685 Ferry Street",
          "region": "Niagara"
        },
        {
          "city": "St. Catharines",
          "address": "5685 Ferry Street",
          "region": "Niagara"
        }
      ],
      "phone": "905-555-0800",
      "email": "info@autocolormasters.com",
      "website": "https://www.autocolormasters.com",
      "rating": "4.5",
      "reviewCount": "70",
      "yearsInBusiness": "15",
      "expertise": {
        "description": "AutoColor Masters has been providing professional painting services in the Niagara region for 15 years.",
        "specialties": [
          "automotive paint",
          "custom finishes",
          "powder coating"
        ],
        "certifications": [],
        "specialProjects": [],
        "awards": []
      },
      "serviceDetails": {
        "timeEstimates": "2-3 days for average-sized rooms",
        "process": [
          "Initial consultation and color selection",
          "Surface preparation and cleaning",
          "Priming if necessary",
          "Application of paint coats",
          "Final inspection and touch-ups"
        ],
        "preparation": [
          "Move or cover furniture",
          "Clean surfaces thoroughly",
          "Repair any wall damage",
          "Tape off areas not to be painted"
        ],
        "maintenance": [
          "Regular cleaning with mild soap and water",
          "Touch up any chips or scratches promptly",
          "Repaint every 3-5 years for best results"
        ],
        "aftercare": [
          "Allow paint to cure fully",
          "Clean walls gently",
          "Monitor for any issues"
        ],
        "warranty": "5-year warranty on workmanship"
      },
      "tips": {
        "maintenance": [
          "Clean walls regularly with a soft cloth",
          "Address any water damage immediately",
          "Keep rooms well-ventilated"
        ],
        "colorSelection": [
          "Consider room lighting",
          "Test samples on walls",
          "Think about room function"
        ],
        "general": [
          "Schedule painting in dry weather",
          "Ensure proper ventilation",
          "Allow adequate drying time"
        ],
        "applicationTips": [
          "Use quality brushes and rollers",
          "Apply thin, even coats",
          "Follow manufacturer guidelines"
        ]
      }
    }
  ],
  "totalCompanies": 1,
  "regions": [
    "Niagara"
  ],
  "averagePricing": {
    "min": 500,
    "max": 2500,
    "unit": "per project"
  }
}