{
  "name": "Niagara",
  "slug": "niagara",
  "cities": [
    "St. Catharines",
    "Niagara Falls",
    "Welland",
    "Port Colborne",
    "Fort Erie",
    "Thorold",
    "Grimsby",
    "Lincoln",
    "West Lincoln",
    "Wainfleet",
    "Pelham",
    "Niagara-on-the-Lake",
    "Hamilton",
    "Burlington"
  ],
  "companies": [
    {
      "id": "niagara-region-painters",
      "name": "Niagara Region Painters",
      "slug": "niagara-region-painters",
      "type": "contractor",
      "services": [
        "interior painting",
        "exterior painting",
        "residential painting",
        "commercial painting",
        "cabinet refinishing",
        "deck staining"
      ],
      "locations": [
        {
          "city": "St. Catharines",
          "address": "15 Corporate Park Drive",
          "region": "Niagara"
        },
        {
          "city": "Niagara Falls",
          "address": "15 Corporate Park Drive",
          "region": "Niagara"
        },
        {
          "city": "Welland",
          "address": "15 Corporate Park Drive",
          "region": "Niagara"
        },
        {
          "city": "Port Colborne",
          "address": "15 Corporate Park Drive",
          "region": "Niagara"
        },
        {
          "city": "Fort Erie",
          "address": "15 Corporate Park Drive",
          "region": "Niagara"
        },
        {
          "city": "Thorold",
          "address": "15 Corporate Park Drive",
          "region": "Niagara"
        },
        {
          "city": "Grimsby",
          "address": "15 Corporate Park Drive",
          "region": "Niagara"
        },
        {
          "city": "Lincoln",
          "address": "15 Corporate Park Drive",
          "region": "Niagara"
        },
        {
          "city": "West Lincoln",
          "address": "15 Corporate Park Drive",
          "region": "Niagara"
        },
        {
          "city": "Wainfleet",
          "address": "15 Corporate Park Drive",
          "region": "Niagara"
        },
        {
          "city": "Pelham",
          "address": "15 Corporate Park Drive",
          "region": "Niagara"
        },
        {
          "city": "Niagara-on-the-Lake",
          "address": "15 Corporate Park Drive",
          "region": "Niagara"
        },
        {
          "city": "Hamilton",
          "address": "15 Corporate Park Drive",
          "region": "Niagara"
        },
        {
          "city": "Burlington",
          "address": "15 Corporate Park Drive",
          "region": "Niagara"
        }
      ],
      "phone": "905-555-1000",
      "email": "info@niagararegionpainters.com",
      "website": "https://niagararegionpainters.com",
      "rating": "5.0",
      "reviewCount": "150",
      "yearsInBusiness": "15",
      "expertise": {
        "description": "Niagara Region Painters has been providing professional painting services in the Niagara region for 15 years.",
        "specialties": [
          "interior painting",
          "exterior painting",
          "residential painting",
          "commercial painting",
          "cabinet refinishing",
          "deck staining"
        ],
        "certifications": [],
        "specialProjects": [],
        "awards": []
      },
      "serviceDetails": {
        "timeEstimates": "2-3 days for average-sized rooms",
        "process": [
          "Initial consultation and color selection",
          "Surface preparation and cleaning",
          "Priming if necessary",
          "Application of paint coats",
          "Final inspection and touch-ups"
        ],
        "preparation": [
          "Move or cover furniture",
          "Clean surfaces thoroughly",
          "Repair any wall damage",
          "Tape off areas not to be painted"
        ],
        "maintenance": [
          "Regular cleaning with mild soap and water",
          "Touch up any chips or scratches promptly",
          "Repaint every 3-5 years for best results"
        ],
        "aftercare": [
          "Allow paint to cure fully",
          "Clean walls gently",
          "Monitor for any issues"
        ],
        "warranty": "5-year warranty on workmanship"
      },
      "tips": {
        "maintenance": [
          "Clean walls regularly with a soft cloth",
          "Address any water damage immediately",
          "Keep rooms well-ventilated"
        ],
        "colorSelection": [
          "Consider room lighting",
          "Test samples on walls",
          "Think about room function"
        ],
        "general": [
          "Schedule painting in dry weather",
          "Ensure proper ventilation",
          "Allow adequate drying time"
        ],
        "applicationTips": [
          "Use quality brushes and rollers",
          "Apply thin, even coats",
          "Follow manufacturer guidelines"
        ]
      }
    },
    {
      "id": "sherwin-williams-st-catharines",
      "name": "Sherwin-Williams St. Catharines",
      "slug": "sherwin-williams-st-catharines",
      "type": "retailer",
      "services": [
        "paint sales",
        "color consultation",
        "commercial coatings"
      ],
      "locations": [
        {
          "city": "St. Catharines",
          "address": "400 Scott Street",
          "region": "Niagara"
        }
      ],
      "phone": "905-555-0100",
      "email": "stcatharines@sherwinwilliams.com",
      "website": "https://www.sherwin-williams.com",
      "rating": "4.5",
      "reviewCount": "75",
      "yearsInBusiness": "25",
      "expertise": {
        "description": "Sherwin-Williams St. Catharines has been providing professional painting services in the Niagara region for 25 years.",
        "specialties": [
          "paint sales",
          "color consultation",
          "commercial coatings"
        ],
        "certifications": [],
        "specialProjects": [],
        "awards": []
      },
      "serviceDetails": {
        "timeEstimates": "2-3 days for average-sized rooms",
        "process": [
          "Initial consultation and color selection",
          "Surface preparation and cleaning",
          "Priming if necessary",
          "Application of paint coats",
          "Final inspection and touch-ups"
        ],
        "preparation": [
          "Move or cover furniture",
          "Clean surfaces thoroughly",
          "Repair any wall damage",
          "Tape off areas not to be painted"
        ],
        "maintenance": [
          "Regular cleaning with mild soap and water",
          "Touch up any chips or scratches promptly",
          "Repaint every 3-5 years for best results"
        ],
        "aftercare": [
          "Allow paint to cure fully",
          "Clean walls gently",
          "Monitor for any issues"
        ],
        "warranty": "5-year warranty on workmanship"
      },
      "tips": {
        "maintenance": [
          "Clean walls regularly with a soft cloth",
          "Address any water damage immediately",
          "Keep rooms well-ventilated"
        ],
        "colorSelection": [
          "Consider room lighting",
          "Test samples on walls",
          "Think about room function"
        ],
        "general": [
          "Schedule painting in dry weather",
          "Ensure proper ventilation",
          "Allow adequate drying time"
        ],
        "applicationTips": [
          "Use quality brushes and rollers",
          "Apply thin, even coats",
          "Follow manufacturer guidelines"
        ]
      }
    },
    {
      "id": "benjamin-moore-welland",
      "name": "Benjamin Moore Welland",
      "slug": "benjamin-moore-welland",
      "type": "retailer",
      "services": [
        "paint sales",
        "color matching",
        "industrial coatings"
      ],
      "locations": [
        {
          "city": "Welland",
          "address": "650 King Street",
          "region": "Niagara"
        }
      ],
      "phone": "905-555-0200",
      "email": "welland@benjaminmoore.com",
      "website": "https://www.benjaminmoore.com",
      "rating": "4.4",
      "reviewCount": "60",
      "yearsInBusiness": "20",
      "expertise": {
        "description": "Benjamin Moore Welland has been providing professional painting services in the Niagara region for 20 years.",
        "specialties": [
          "paint sales",
          "color matching",
          "industrial coatings"
        ],
        "certifications": [],
        "specialProjects": [],
        "awards": []
      },
      "serviceDetails": {
        "timeEstimates": "2-3 days for average-sized rooms",
        "process": [
          "Initial consultation and color selection",
          "Surface preparation and cleaning",
          "Priming if necessary",
          "Application of paint coats",
          "Final inspection and touch-ups"
        ],
        "preparation": [
          "Move or cover furniture",
          "Clean surfaces thoroughly",
          "Repair any wall damage",
          "Tape off areas not to be painted"
        ],
        "maintenance": [
          "Regular cleaning with mild soap and water",
          "Touch up any chips or scratches promptly",
          "Repaint every 3-5 years for best results"
        ],
        "aftercare": [
          "Allow paint to cure fully",
          "Clean walls gently",
          "Monitor for any issues"
        ],
        "warranty": "5-year warranty on workmanship"
      },
      "tips": {
        "maintenance": [
          "Clean walls regularly with a soft cloth",
          "Address any water damage immediately",
          "Keep rooms well-ventilated"
        ],
        "colorSelection": [
          "Consider room lighting",
          "Test samples on walls",
          "Think about room function"
        ],
        "general": [
          "Schedule painting in dry weather",
          "Ensure proper ventilation",
          "Allow adequate drying time"
        ],
        "applicationTips": [
          "Use quality brushes and rollers",
          "Apply thin, even coats",
          "Follow manufacturer guidelines"
        ]
      }
    },
    {
      "id": "dulux-paints-niagara-falls",
      "name": "Dulux Paints Niagara Falls",
      "slug": "dulux-paints-niagara-falls",
      "type": "retailer",
      "services": [
        "paint sales",
        "decorative finishes",
        "protective coatings"
      ],
      "locations": [
        {
          "city": "Niagara Falls",
          "address": "7555 Montrose Road",
          "region": "Niagara"
        }
      ],
      "phone": "905-555-0300",
      "email": "niagarafalls@dulux.com",
      "website": "https://www.dulux.ca",
      "rating": "4.3",
      "reviewCount": "45",
      "yearsInBusiness": "15",
      "expertise": {
        "description": "Dulux Paints Niagara Falls has been providing professional painting services in the Niagara region for 15 years.",
        "specialties": [
          "paint sales",
          "decorative finishes",
          "protective coatings"
        ],
        "certifications": [],
        "specialProjects": [],
        "awards": []
      },
      "serviceDetails": {
        "timeEstimates": "2-3 days for average-sized rooms",
        "process": [
          "Initial consultation and color selection",
          "Surface preparation and cleaning",
          "Priming if necessary",
          "Application of paint coats",
          "Final inspection and touch-ups"
        ],
        "preparation": [
          "Move or cover furniture",
          "Clean surfaces thoroughly",
          "Repair any wall damage",
          "Tape off areas not to be painted"
        ],
        "maintenance": [
          "Regular cleaning with mild soap and water",
          "Touch up any chips or scratches promptly",
          "Repaint every 3-5 years for best results"
        ],
        "aftercare": [
          "Allow paint to cure fully",
          "Clean walls gently",
          "Monitor for any issues"
        ],
        "warranty": "5-year warranty on workmanship"
      },
      "tips": {
        "maintenance": [
          "Clean walls regularly with a soft cloth",
          "Address any water damage immediately",
          "Keep rooms well-ventilated"
        ],
        "colorSelection": [
          "Consider room lighting",
          "Test samples on walls",
          "Think about room function"
        ],
        "general": [
          "Schedule painting in dry weather",
          "Ensure proper ventilation",
          "Allow adequate drying time"
        ],
        "applicationTips": [
          "Use quality brushes and rollers",
          "Apply thin, even coats",
          "Follow manufacturer guidelines"
        ]
      }
    },
    {
      "id": "pro-painters-plus",
      "name": "Pro Painters Plus",
      "slug": "pro-painters-plus",
      "type": "contractor",
      "services": [
        "interior painting",
        "exterior painting",
        "cabinet refinishing"
      ],
      "locations": [
        {
          "city": "St. Catharines",
          "address": "25 Corporate Park Drive",
          "region": "Niagara"
        },
        {
          "city": "Thorold",
          "address": "25 Corporate Park Drive",
          "region": "Niagara"
        },
        {
          "city": "Niagara-on-the-Lake",
          "address": "25 Corporate Park Drive",
          "region": "Niagara"
        }
      ],
      "phone": "905-555-0400",
      "email": "info@propaintersplus.com",
      "website": "https://www.propaintersplus.com",
      "rating": "4.7",
      "reviewCount": "85",
      "yearsInBusiness": "12",
      "expertise": {
        "description": "Pro Painters Plus has been providing professional painting services in the Niagara region for 12 years.",
        "specialties": [
          "interior painting",
          "exterior painting",
          "cabinet refinishing"
        ],
        "certifications": [],
        "specialProjects": [],
        "awards": []
      },
      "serviceDetails": {
        "timeEstimates": "2-3 days for average-sized rooms",
        "process": [
          "Initial consultation and color selection",
          "Surface preparation and cleaning",
          "Priming if necessary",
          "Application of paint coats",
          "Final inspection and touch-ups"
        ],
        "preparation": [
          "Move or cover furniture",
          "Clean surfaces thoroughly",
          "Repair any wall damage",
          "Tape off areas not to be painted"
        ],
        "maintenance": [
          "Regular cleaning with mild soap and water",
          "Touch up any chips or scratches promptly",
          "Repaint every 3-5 years for best results"
        ],
        "aftercare": [
          "Allow paint to cure fully",
          "Clean walls gently",
          "Monitor for any issues"
        ],
        "warranty": "5-year warranty on workmanship"
      },
      "tips": {
        "maintenance": [
          "Clean walls regularly with a soft cloth",
          "Address any water damage immediately",
          "Keep rooms well-ventilated"
        ],
        "colorSelection": [
          "Consider room lighting",
          "Test samples on walls",
          "Think about room function"
        ],
        "general": [
          "Schedule painting in dry weather",
          "Ensure proper ventilation",
          "Allow adequate drying time"
        ],
        "applicationTips": [
          "Use quality brushes and rollers",
          "Apply thin, even coats",
          "Follow manufacturer guidelines"
        ]
      }
    },
    {
      "id": "niagara-elite-painting",
      "name": "Niagara Elite Painting",
      "slug": "niagara-elite-painting",
      "type": "contractor",
      "services": [
        "residential painting",
        "commercial painting",
        "deck staining"
      ],
      "locations": [
        {
          "city": "Niagara Falls",
          "address": "4635 Queen Street",
          "region": "Niagara"
        },
        {
          "city": "Fort Erie",
          "address": "4635 Queen Street",
          "region": "Niagara"
        },
        {
          "city": "Port Colborne",
          "address": "4635 Queen Street",
          "region": "Niagara"
        }
      ],
      "phone": "905-555-0500",
      "email": "info@niagaraelitepainting.com",
      "website": "https://www.niagaraelitepainting.com",
      "rating": "4.6",
      "reviewCount": "65",
      "yearsInBusiness": "8",
      "expertise": {
        "description": "Niagara Elite Painting has been providing professional painting services in the Niagara region for 8 years.",
        "specialties": [
          "residential painting",
          "commercial painting",
          "deck staining"
        ],
        "certifications": [],
        "specialProjects": [],
        "awards": []
      },
      "serviceDetails": {
        "timeEstimates": "2-3 days for average-sized rooms",
        "process": [
          "Initial consultation and color selection",
          "Surface preparation and cleaning",
          "Priming if necessary",
          "Application of paint coats",
          "Final inspection and touch-ups"
        ],
        "preparation": [
          "Move or cover furniture",
          "Clean surfaces thoroughly",
          "Repair any wall damage",
          "Tape off areas not to be painted"
        ],
        "maintenance": [
          "Regular cleaning with mild soap and water",
          "Touch up any chips or scratches promptly",
          "Repaint every 3-5 years for best results"
        ],
        "aftercare": [
          "Allow paint to cure fully",
          "Clean walls gently",
          "Monitor for any issues"
        ],
        "warranty": "5-year warranty on workmanship"
      },
      "tips": {
        "maintenance": [
          "Clean walls regularly with a soft cloth",
          "Address any water damage immediately",
          "Keep rooms well-ventilated"
        ],
        "colorSelection": [
          "Consider room lighting",
          "Test samples on walls",
          "Think about room function"
        ],
        "general": [
          "Schedule painting in dry weather",
          "Ensure proper ventilation",
          "Allow adequate drying time"
        ],
        "applicationTips": [
          "Use quality brushes and rollers",
          "Apply thin, even coats",
          "Follow manufacturer guidelines"
        ]
      }
    },
    {
      "id": "eco-paint-solutions",
      "name": "Eco-Paint Solutions",
      "slug": "eco-paint-solutions",
      "type": "contractor",
      "services": [
        "eco-friendly painting",
        "low-VOC applications",
        "green solutions"
      ],
      "locations": [
        {
          "city": "Welland",
          "address": "89 Division Street",
          "region": "Niagara"
        },
        {
          "city": "Pelham",
          "address": "89 Division Street",
          "region": "Niagara"
        },
        {
          "city": "Wainfleet",
          "address": "89 Division Street",
          "region": "Niagara"
        }
      ],
      "phone": "905-555-0600",
      "email": "info@ecopaintsolutions.com",
      "website": "https://www.ecopaintsolutions.com",
      "rating": "4.8",
      "reviewCount": "40",
      "yearsInBusiness": "5",
      "expertise": {
        "description": "Eco-Paint Solutions has been providing professional painting services in the Niagara region for 5 years.",
        "specialties": [
          "eco-friendly painting",
          "low-VOC applications",
          "green solutions"
        ],
        "certifications": [],
        "specialProjects": [],
        "awards": []
      },
      "serviceDetails": {
        "timeEstimates": "2-3 days for average-sized rooms",
        "process": [
          "Initial consultation and color selection",
          "Surface preparation and cleaning",
          "Priming if necessary",
          "Application of paint coats",
          "Final inspection and touch-ups"
        ],
        "preparation": [
          "Move or cover furniture",
          "Clean surfaces thoroughly",
          "Repair any wall damage",
          "Tape off areas not to be painted"
        ],
        "maintenance": [
          "Regular cleaning with mild soap and water",
          "Touch up any chips or scratches promptly",
          "Repaint every 3-5 years for best results"
        ],
        "aftercare": [
          "Allow paint to cure fully",
          "Clean walls gently",
          "Monitor for any issues"
        ],
        "warranty": "5-year warranty on workmanship"
      },
      "tips": {
        "maintenance": [
          "Clean walls regularly with a soft cloth",
          "Address any water damage immediately",
          "Keep rooms well-ventilated"
        ],
        "colorSelection": [
          "Consider room lighting",
          "Test samples on walls",
          "Think about room function"
        ],
        "general": [
          "Schedule painting in dry weather",
          "Ensure proper ventilation",
          "Allow adequate drying time"
        ],
        "applicationTips": [
          "Use quality brushes and rollers",
          "Apply thin, even coats",
          "Follow manufacturer guidelines"
        ]
      }
    },
    {
      "id": "custom-coating-specialists",
      "name": "Custom Coating Specialists",
      "slug": "custom-coating-specialists",
      "type": "supplier",
      "services": [
        "specialty coatings",
        "industrial finishes",
        "marine paints"
      ],
      "locations": [
        {
          "city": "St. Catharines",
          "address": "120 Bunting Road",
          "region": "Niagara"
        },
        {
          "city": "Hamilton",
          "address": "120 Bunting Road",
          "region": "Niagara"
        },
        {
          "city": "Burlington",
          "address": "120 Bunting Road",
          "region": "Niagara"
        }
      ],
      "phone": "905-555-0700",
      "email": "info@customcoatingspecialists.com",
      "website": "https://www.customcoatingspecialists.com",
      "rating": "4.6",
      "reviewCount": "55",
      "yearsInBusiness": "18",
      "expertise": {
        "description": "Custom Coating Specialists has been providing professional painting services in the Niagara region for 18 years.",
        "specialties": [
          "specialty coatings",
          "industrial finishes",
          "marine paints"
        ],
        "certifications": [],
        "specialProjects": [],
        "awards": []
      },
      "serviceDetails": {
        "timeEstimates": "2-3 days for average-sized rooms",
        "process": [
          "Initial consultation and color selection",
          "Surface preparation and cleaning",
          "Priming if necessary",
          "Application of paint coats",
          "Final inspection and touch-ups"
        ],
        "preparation": [
          "Move or cover furniture",
          "Clean surfaces thoroughly",
          "Repair any wall damage",
          "Tape off areas not to be painted"
        ],
        "maintenance": [
          "Regular cleaning with mild soap and water",
          "Touch up any chips or scratches promptly",
          "Repaint every 3-5 years for best results"
        ],
        "aftercare": [
          "Allow paint to cure fully",
          "Clean walls gently",
          "Monitor for any issues"
        ],
        "warranty": "5-year warranty on workmanship"
      },
      "tips": {
        "maintenance": [
          "Clean walls regularly with a soft cloth",
          "Address any water damage immediately",
          "Keep rooms well-ventilated"
        ],
        "colorSelection": [
          "Consider room lighting",
          "Test samples on walls",
          "Think about room function"
        ],
        "general": [
          "Schedule painting in dry weather",
          "Ensure proper ventilation",
          "Allow adequate drying time"
        ],
        "applicationTips": [
          "Use quality brushes and rollers",
          "Apply thin, even coats",
          "Follow manufacturer guidelines"
        ]
      }
    },
    {
      "id": "autocolor-masters",
      "name": "AutoColor Masters",
      "slug": "autocolor-masters",
      "type": "supplier",
      "services": [
        "automotive paint",
        "custom finishes",
        "powder coating"
      ],
      "locations": [
        {
          "city": "Niagara Falls",
          "address": "5685 Ferry Street",
          "region": "Niagara"
        },
        {
          "city": "Welland",
          "address": "5685 Ferry Street",
          "region": "Niagara"
        },
        {
          "city": "St. Catharines",
          "address": "5685 Ferry Street",
          "region": "Niagara"
        }
      ],
      "phone": "905-555-0800",
      "email": "info@autocolormasters.com",
      "website": "https://www.autocolormasters.com",
      "rating": "4.5",
      "reviewCount": "70",
      "yearsInBusiness": "15",
      "expertise": {
        "description": "AutoColor Masters has been providing professional painting services in the Niagara region for 15 years.",
        "specialties": [
          "automotive paint",
          "custom finishes",
          "powder coating"
        ],
        "certifications": [],
        "specialProjects": [],
        "awards": []
      },
      "serviceDetails": {
        "timeEstimates": "2-3 days for average-sized rooms",
        "process": [
          "Initial consultation and color selection",
          "Surface preparation and cleaning",
          "Priming if necessary",
          "Application of paint coats",
          "Final inspection and touch-ups"
        ],
        "preparation": [
          "Move or cover furniture",
          "Clean surfaces thoroughly",
          "Repair any wall damage",
          "Tape off areas not to be painted"
        ],
        "maintenance": [
          "Regular cleaning with mild soap and water",
          "Touch up any chips or scratches promptly",
          "Repaint every 3-5 years for best results"
        ],
        "aftercare": [
          "Allow paint to cure fully",
          "Clean walls gently",
          "Monitor for any issues"
        ],
        "warranty": "5-year warranty on workmanship"
      },
      "tips": {
        "maintenance": [
          "Clean walls regularly with a soft cloth",
          "Address any water damage immediately",
          "Keep rooms well-ventilated"
        ],
        "colorSelection": [
          "Consider room lighting",
          "Test samples on walls",
          "Think about room function"
        ],
        "general": [
          "Schedule painting in dry weather",
          "Ensure proper ventilation",
          "Allow adequate drying time"
        ],
        "applicationTips": [
          "Use quality brushes and rollers",
          "Apply thin, even coats",
          "Follow manufacturer guidelines"
        ]
      }
    },
    {
      "id": "heritage-restoration-paints",
      "name": "Heritage Restoration Paints",
      "slug": "heritage-restoration-paints",
      "type": "supplier",
      "services": [
        "historical finishes",
        "lime wash",
        "milk paint"
      ],
      "locations": [
        {
          "city": "Thorold",
          "address": "45 Front Street",
          "region": "Niagara"
        },
        {
          "city": "St. Catharines",
          "address": "45 Front Street",
          "region": "Niagara"
        },
        {
          "city": "Niagara-on-the-Lake",
          "address": "45 Front Street",
          "region": "Niagara"
        }
      ],
      "phone": "905-555-0900",
      "email": "info@heritagerestorationpaints.com",
      "website": "https://www.heritagerestorationpaints.com",
      "rating": "4.7",
      "reviewCount": "35",
      "yearsInBusiness": "10",
      "expertise": {
        "description": "Heritage Restoration Paints has been providing professional painting services in the Niagara region for 10 years.",
        "specialties": [
          "historical finishes",
          "lime wash",
          "milk paint"
        ],
        "certifications": [],
        "specialProjects": [],
        "awards": []
      },
      "serviceDetails": {
        "timeEstimates": "2-3 days for average-sized rooms",
        "process": [
          "Initial consultation and color selection",
          "Surface preparation and cleaning",
          "Priming if necessary",
          "Application of paint coats",
          "Final inspection and touch-ups"
        ],
        "preparation": [
          "Move or cover furniture",
          "Clean surfaces thoroughly",
          "Repair any wall damage",
          "Tape off areas not to be painted"
        ],
        "maintenance": [
          "Regular cleaning with mild soap and water",
          "Touch up any chips or scratches promptly",
          "Repaint every 3-5 years for best results"
        ],
        "aftercare": [
          "Allow paint to cure fully",
          "Clean walls gently",
          "Monitor for any issues"
        ],
        "warranty": "5-year warranty on workmanship"
      },
      "tips": {
        "maintenance": [
          "Clean walls regularly with a soft cloth",
          "Address any water damage immediately",
          "Keep rooms well-ventilated"
        ],
        "colorSelection": [
          "Consider room lighting",
          "Test samples on walls",
          "Think about room function"
        ],
        "general": [
          "Schedule painting in dry weather",
          "Ensure proper ventilation",
          "Allow adequate drying time"
        ],
        "applicationTips": [
          "Use quality brushes and rollers",
          "Apply thin, even coats",
          "Follow manufacturer guidelines"
        ]
      }
    }
  ],
  "totalCompanies": 10,
  "popularServices": [
    "interior painting",
    "exterior painting",
    "residential painting",
    "commercial painting",
    "cabinet refinishing"
  ]
}